subject,acc,pos,mean_acc
1,"[array([0.51571793, 0.46503179, 0.62521151, 0.57674419, 0.5439408 ,
       0.53614458, 0.78614916, 0.4853853 , 0.62326389, 0.59142425]), array([0.47032374, 0.50574713, 0.6190901 , 0.59127625, 0.47510917,
       0.53344209, 0.8113354 , 0.47445972, 0.59408381, 0.57875839]), array([0.48330804, 0.49260042, 0.70139635, 0.57689243, 0.56298871,
       0.48444444, 0.77492212, 0.5233564 , 0.55322716, 0.58664021]), array([0.48173516, 0.50594595, 0.66380952, 0.54468684, 0.50779102,
       0.50314906, 0.86204013, 0.54478398, 0.5624483 , 0.58767952]), array([0.49053356, 0.46666667, 0.6372796 , 0.53108212, 0.51223491,
       0.52387741, 0.84935897, 0.58538899, 0.51274983, 0.5801058 ])]",1,0.48832368661375297
1,"[array([0.51571793, 0.46503179, 0.62521151, 0.57674419, 0.5439408 ,
       0.53614458, 0.78614916, 0.4853853 , 0.62326389, 0.59142425]), array([0.47032374, 0.50574713, 0.6190901 , 0.59127625, 0.47510917,
       0.53344209, 0.8113354 , 0.47445972, 0.59408381, 0.57875839]), array([0.48330804, 0.49260042, 0.70139635, 0.57689243, 0.56298871,
       0.48444444, 0.77492212, 0.5233564 , 0.55322716, 0.58664021]), array([0.48173516, 0.50594595, 0.66380952, 0.54468684, 0.50779102,
       0.50314906, 0.86204013, 0.54478398, 0.5624483 , 0.58767952]), array([0.49053356, 0.46666667, 0.6372796 , 0.53108212, 0.51223491,
       0.52387741, 0.84935897, 0.58538899, 0.51274983, 0.5801058 ])]",2,0.4871983902329692
1,"[array([0.51571793, 0.46503179, 0.62521151, 0.57674419, 0.5439408 ,
       0.53614458, 0.78614916, 0.4853853 , 0.62326389, 0.59142425]), array([0.47032374, 0.50574713, 0.6190901 , 0.59127625, 0.47510917,
       0.53344209, 0.8113354 , 0.47445972, 0.59408381, 0.57875839]), array([0.48330804, 0.49260042, 0.70139635, 0.57689243, 0.56298871,
       0.48444444, 0.77492212, 0.5233564 , 0.55322716, 0.58664021]), array([0.48173516, 0.50594595, 0.66380952, 0.54468684, 0.50779102,
       0.50314906, 0.86204013, 0.54478398, 0.5624483 , 0.58767952]), array([0.49053356, 0.46666667, 0.6372796 , 0.53108212, 0.51223491,
       0.52387741, 0.84935897, 0.58538899, 0.51274983, 0.5801058 ])]",3,0.6493574145697163
1,"[array([0.51571793, 0.46503179, 0.62521151, 0.57674419, 0.5439408 ,
       0.53614458, 0.78614916, 0.4853853 , 0.62326389, 0.59142425]), array([0.47032374, 0.50574713, 0.6190901 , 0.59127625, 0.47510917,
       0.53344209, 0.8113354 , 0.47445972, 0.59408381, 0.57875839]), array([0.48330804, 0.49260042, 0.70139635, 0.57689243, 0.56298871,
       0.48444444, 0.77492212, 0.5233564 , 0.55322716, 0.58664021]), array([0.48173516, 0.50594595, 0.66380952, 0.54468684, 0.50779102,
       0.50314906, 0.86204013, 0.54478398, 0.5624483 , 0.58767952]), array([0.49053356, 0.46666667, 0.6372796 , 0.53108212, 0.51223491,
       0.52387741, 0.84935897, 0.58538899, 0.51274983, 0.5801058 ])]",4,0.5641363653573841
1,"[array([0.51571793, 0.46503179, 0.62521151, 0.57674419, 0.5439408 ,
       0.53614458, 0.78614916, 0.4853853 , 0.62326389, 0.59142425]), array([0.47032374, 0.50574713, 0.6190901 , 0.59127625, 0.47510917,
       0.53344209, 0.8113354 , 0.47445972, 0.59408381, 0.57875839]), array([0.48330804, 0.49260042, 0.70139635, 0.57689243, 0.56298871,
       0.48444444, 0.77492212, 0.5233564 , 0.55322716, 0.58664021]), array([0.48173516, 0.50594595, 0.66380952, 0.54468684, 0.50779102,
       0.50314906, 0.86204013, 0.54478398, 0.5624483 , 0.58767952]), array([0.49053356, 0.46666667, 0.6372796 , 0.53108212, 0.51223491,
       0.52387741, 0.84935897, 0.58538899, 0.51274983, 0.5801058 ])]",5,0.520412919806277
1,"[array([0.51571793, 0.46503179, 0.62521151, 0.57674419, 0.5439408 ,
       0.53614458, 0.78614916, 0.4853853 , 0.62326389, 0.59142425]), array([0.47032374, 0.50574713, 0.6190901 , 0.59127625, 0.47510917,
       0.53344209, 0.8113354 , 0.47445972, 0.59408381, 0.57875839]), array([0.48330804, 0.49260042, 0.70139635, 0.57689243, 0.56298871,
       0.48444444, 0.77492212, 0.5233564 , 0.55322716, 0.58664021]), array([0.48173516, 0.50594595, 0.66380952, 0.54468684, 0.50779102,
       0.50314906, 0.86204013, 0.54478398, 0.5624483 , 0.58767952]), array([0.49053356, 0.46666667, 0.6372796 , 0.53108212, 0.51223491,
       0.52387741, 0.84935897, 0.58538899, 0.51274983, 0.5801058 ])]",6,0.5162115143383964
1,"[array([0.51571793, 0.46503179, 0.62521151, 0.57674419, 0.5439408 ,
       0.53614458, 0.78614916, 0.4853853 , 0.62326389, 0.59142425]), array([0.47032374, 0.50574713, 0.6190901 , 0.59127625, 0.47510917,
       0.53344209, 0.8113354 , 0.47445972, 0.59408381, 0.57875839]), array([0.48330804, 0.49260042, 0.70139635, 0.57689243, 0.56298871,
       0.48444444, 0.77492212, 0.5233564 , 0.55322716, 0.58664021]), array([0.48173516, 0.50594595, 0.66380952, 0.54468684, 0.50779102,
       0.50314906, 0.86204013, 0.54478398, 0.5624483 , 0.58767952]), array([0.49053356, 0.46666667, 0.6372796 , 0.53108212, 0.51223491,
       0.52387741, 0.84935897, 0.58538899, 0.51274983, 0.5801058 ])]",7,0.8167611586213
1,"[array([0.51571793, 0.46503179, 0.62521151, 0.57674419, 0.5439408 ,
       0.53614458, 0.78614916, 0.4853853 , 0.62326389, 0.59142425]), array([0.47032374, 0.50574713, 0.6190901 , 0.59127625, 0.47510917,
       0.53344209, 0.8113354 , 0.47445972, 0.59408381, 0.57875839]), array([0.48330804, 0.49260042, 0.70139635, 0.57689243, 0.56298871,
       0.48444444, 0.77492212, 0.5233564 , 0.55322716, 0.58664021]), array([0.48173516, 0.50594595, 0.66380952, 0.54468684, 0.50779102,
       0.50314906, 0.86204013, 0.54478398, 0.5624483 , 0.58767952]), array([0.49053356, 0.46666667, 0.6372796 , 0.53108212, 0.51223491,
       0.52387741, 0.84935897, 0.58538899, 0.51274983, 0.5801058 ])]",8,0.5226748801010557
1,"[array([0.51571793, 0.46503179, 0.62521151, 0.57674419, 0.5439408 ,
       0.53614458, 0.78614916, 0.4853853 , 0.62326389, 0.59142425]), array([0.47032374, 0.50574713, 0.6190901 , 0.59127625, 0.47510917,
       0.53344209, 0.8113354 , 0.47445972, 0.59408381, 0.57875839]), array([0.48330804, 0.49260042, 0.70139635, 0.57689243, 0.56298871,
       0.48444444, 0.77492212, 0.5233564 , 0.55322716, 0.58664021]), array([0.48173516, 0.50594595, 0.66380952, 0.54468684, 0.50779102,
       0.50314906, 0.86204013, 0.54478398, 0.5624483 , 0.58767952]), array([0.49053356, 0.46666667, 0.6372796 , 0.53108212, 0.51223491,
       0.52387741, 0.84935897, 0.58538899, 0.51274983, 0.5801058 ])]",9,0.5691545984111833
1,"[array([0.51571793, 0.46503179, 0.62521151, 0.57674419, 0.5439408 ,
       0.53614458, 0.78614916, 0.4853853 , 0.62326389, 0.59142425]), array([0.47032374, 0.50574713, 0.6190901 , 0.59127625, 0.47510917,
       0.53344209, 0.8113354 , 0.47445972, 0.59408381, 0.57875839]), array([0.48330804, 0.49260042, 0.70139635, 0.57689243, 0.56298871,
       0.48444444, 0.77492212, 0.5233564 , 0.55322716, 0.58664021]), array([0.48173516, 0.50594595, 0.66380952, 0.54468684, 0.50779102,
       0.50314906, 0.86204013, 0.54478398, 0.5624483 , 0.58767952]), array([0.49053356, 0.46666667, 0.6372796 , 0.53108212, 0.51223491,
       0.52387741, 0.84935897, 0.58538899, 0.51274983, 0.5801058 ])]",10,0.5849216335935445
2,"[array([0.39332366, 0.43957826, 0.51387787, 0.50197628, 0.36660777,
       0.33801653, 0.42084562, 0.39145658, 0.50930997, 0.44312169]), array([0.35964912, 0.41257537, 0.42329545, 0.48492908, 0.32335329,
       0.36602452, 0.41504649, 0.36422882, 0.45753114, 0.40604629]), array([0.43114241, 0.45402766, 0.61950697, 0.49005964, 0.32371134,
       0.35186722, 0.39482759, 0.32412791, 0.52441614, 0.43480726]), array([0.4552    , 0.42682927, 0.43735934, 0.48557692, 0.33154602,
       0.35640414, 0.44807692, 0.36596737, 0.34858812, 0.42001323]), array([0.43546971, 0.4278306 , 0.55289788, 0.45727273, 0.31563636,
       0.36949686, 0.43507589, 0.31447465, 0.37733773, 0.41224258])]",1,0.4149569801138873
2,"[array([0.39332366, 0.43957826, 0.51387787, 0.50197628, 0.36660777,
       0.33801653, 0.42084562, 0.39145658, 0.50930997, 0.44312169]), array([0.35964912, 0.41257537, 0.42329545, 0.48492908, 0.32335329,
       0.36602452, 0.41504649, 0.36422882, 0.45753114, 0.40604629]), array([0.43114241, 0.45402766, 0.61950697, 0.49005964, 0.32371134,
       0.35186722, 0.39482759, 0.32412791, 0.52441614, 0.43480726]), array([0.4552    , 0.42682927, 0.43735934, 0.48557692, 0.33154602,
       0.35640414, 0.44807692, 0.36596737, 0.34858812, 0.42001323]), array([0.43546971, 0.4278306 , 0.55289788, 0.45727273, 0.31563636,
       0.36949686, 0.43507589, 0.31447465, 0.37733773, 0.41224258])]",2,0.432168231978046
2,"[array([0.39332366, 0.43957826, 0.51387787, 0.50197628, 0.36660777,
       0.33801653, 0.42084562, 0.39145658, 0.50930997, 0.44312169]), array([0.35964912, 0.41257537, 0.42329545, 0.48492908, 0.32335329,
       0.36602452, 0.41504649, 0.36422882, 0.45753114, 0.40604629]), array([0.43114241, 0.45402766, 0.61950697, 0.49005964, 0.32371134,
       0.35186722, 0.39482759, 0.32412791, 0.52441614, 0.43480726]), array([0.4552    , 0.42682927, 0.43735934, 0.48557692, 0.33154602,
       0.35640414, 0.44807692, 0.36596737, 0.34858812, 0.42001323]), array([0.43546971, 0.4278306 , 0.55289788, 0.45727273, 0.31563636,
       0.36949686, 0.43507589, 0.31447465, 0.37733773, 0.41224258])]",3,0.5093875039883029
2,"[array([0.39332366, 0.43957826, 0.51387787, 0.50197628, 0.36660777,
       0.33801653, 0.42084562, 0.39145658, 0.50930997, 0.44312169]), array([0.35964912, 0.41257537, 0.42329545, 0.48492908, 0.32335329,
       0.36602452, 0.41504649, 0.36422882, 0.45753114, 0.40604629]), array([0.43114241, 0.45402766, 0.61950697, 0.49005964, 0.32371134,
       0.35186722, 0.39482759, 0.32412791, 0.52441614, 0.43480726]), array([0.4552    , 0.42682927, 0.43735934, 0.48557692, 0.33154602,
       0.35640414, 0.44807692, 0.36596737, 0.34858812, 0.42001323]), array([0.43546971, 0.4278306 , 0.55289788, 0.45727273, 0.31563636,
       0.36949686, 0.43507589, 0.31447465, 0.37733773, 0.41224258])]",4,0.48396293101918647
2,"[array([0.39332366, 0.43957826, 0.51387787, 0.50197628, 0.36660777,
       0.33801653, 0.42084562, 0.39145658, 0.50930997, 0.44312169]), array([0.35964912, 0.41257537, 0.42329545, 0.48492908, 0.32335329,
       0.36602452, 0.41504649, 0.36422882, 0.45753114, 0.40604629]), array([0.43114241, 0.45402766, 0.61950697, 0.49005964, 0.32371134,
       0.35186722, 0.39482759, 0.32412791, 0.52441614, 0.43480726]), array([0.4552    , 0.42682927, 0.43735934, 0.48557692, 0.33154602,
       0.35640414, 0.44807692, 0.36596737, 0.34858812, 0.42001323]), array([0.43546971, 0.4278306 , 0.55289788, 0.45727273, 0.31563636,
       0.36949686, 0.43507589, 0.31447465, 0.37733773, 0.41224258])]",5,0.33217095886846887
2,"[array([0.39332366, 0.43957826, 0.51387787, 0.50197628, 0.36660777,
       0.33801653, 0.42084562, 0.39145658, 0.50930997, 0.44312169]), array([0.35964912, 0.41257537, 0.42329545, 0.48492908, 0.32335329,
       0.36602452, 0.41504649, 0.36422882, 0.45753114, 0.40604629]), array([0.43114241, 0.45402766, 0.61950697, 0.49005964, 0.32371134,
       0.35186722, 0.39482759, 0.32412791, 0.52441614, 0.43480726]), array([0.4552    , 0.42682927, 0.43735934, 0.48557692, 0.33154602,
       0.35640414, 0.44807692, 0.36596737, 0.34858812, 0.42001323]), array([0.43546971, 0.4278306 , 0.55289788, 0.45727273, 0.31563636,
       0.36949686, 0.43507589, 0.31447465, 0.37733773, 0.41224258])]",6,0.3563618518822134
2,"[array([0.39332366, 0.43957826, 0.51387787, 0.50197628, 0.36660777,
       0.33801653, 0.42084562, 0.39145658, 0.50930997, 0.44312169]), array([0.35964912, 0.41257537, 0.42329545, 0.48492908, 0.32335329,
       0.36602452, 0.41504649, 0.36422882, 0.45753114, 0.40604629]), array([0.43114241, 0.45402766, 0.61950697, 0.49005964, 0.32371134,
       0.35186722, 0.39482759, 0.32412791, 0.52441614, 0.43480726]), array([0.4552    , 0.42682927, 0.43735934, 0.48557692, 0.33154602,
       0.35640414, 0.44807692, 0.36596737, 0.34858812, 0.42001323]), array([0.43546971, 0.4278306 , 0.55289788, 0.45727273, 0.31563636,
       0.36949686, 0.43507589, 0.31447465, 0.37733773, 0.41224258])]",7,0.42277450219353446
2,"[array([0.39332366, 0.43957826, 0.51387787, 0.50197628, 0.36660777,
       0.33801653, 0.42084562, 0.39145658, 0.50930997, 0.44312169]), array([0.35964912, 0.41257537, 0.42329545, 0.48492908, 0.32335329,
       0.36602452, 0.41504649, 0.36422882, 0.45753114, 0.40604629]), array([0.43114241, 0.45402766, 0.61950697, 0.49005964, 0.32371134,
       0.35186722, 0.39482759, 0.32412791, 0.52441614, 0.43480726]), array([0.4552    , 0.42682927, 0.43735934, 0.48557692, 0.33154602,
       0.35640414, 0.44807692, 0.36596737, 0.34858812, 0.42001323]), array([0.43546971, 0.4278306 , 0.55289788, 0.45727273, 0.31563636,
       0.36949686, 0.43507589, 0.31447465, 0.37733773, 0.41224258])]",8,0.35205106525299074
2,"[array([0.39332366, 0.43957826, 0.51387787, 0.50197628, 0.36660777,
       0.33801653, 0.42084562, 0.39145658, 0.50930997, 0.44312169]), array([0.35964912, 0.41257537, 0.42329545, 0.48492908, 0.32335329,
       0.36602452, 0.41504649, 0.36422882, 0.45753114, 0.40604629]), array([0.43114241, 0.45402766, 0.61950697, 0.49005964, 0.32371134,
       0.35186722, 0.39482759, 0.32412791, 0.52441614, 0.43480726]), array([0.4552    , 0.42682927, 0.43735934, 0.48557692, 0.33154602,
       0.35640414, 0.44807692, 0.36596737, 0.34858812, 0.42001323]), array([0.43546971, 0.4278306 , 0.55289788, 0.45727273, 0.31563636,
       0.36949686, 0.43507589, 0.31447465, 0.37733773, 0.41224258])]",9,0.4434366202727305
2,"[array([0.39332366, 0.43957826, 0.51387787, 0.50197628, 0.36660777,
       0.33801653, 0.42084562, 0.39145658, 0.50930997, 0.44312169]), array([0.35964912, 0.41257537, 0.42329545, 0.48492908, 0.32335329,
       0.36602452, 0.41504649, 0.36422882, 0.45753114, 0.40604629]), array([0.43114241, 0.45402766, 0.61950697, 0.49005964, 0.32371134,
       0.35186722, 0.39482759, 0.32412791, 0.52441614, 0.43480726]), array([0.4552    , 0.42682927, 0.43735934, 0.48557692, 0.33154602,
       0.35640414, 0.44807692, 0.36596737, 0.34858812, 0.42001323]), array([0.43546971, 0.4278306 , 0.55289788, 0.45727273, 0.31563636,
       0.36949686, 0.43507589, 0.31447465, 0.37733773, 0.41224258])]",10,0.4232462109177579
3,"[array([0.36045682, 0.47137014, 0.44620517, 0.58601134, 0.38420108,
       0.64581498, 0.52425665, 0.60814046, 0.50856164, 0.5218254 ]), array([0.42542955, 0.48429952, 0.54645814, 0.51172893, 0.47022767,
       0.62489829, 0.63674497, 0.55779674, 0.53922378, 0.55366591]), array([0.4084507 , 0.47320526, 0.50086655, 0.58079848, 0.41809291,
       0.68694097, 0.54447022, 0.59733531, 0.51702296, 0.54294623]), array([0.4047976 , 0.44717182, 0.485623  , 0.43774782, 0.38341158,
       0.65313653, 0.58933333, 0.58411614, 0.45292096, 0.50557445]), array([0.38218391, 0.53265766, 0.52274678, 0.59326212, 0.39937353,
       0.64167393, 0.54170325, 0.63801653, 0.49365397, 0.54402872])]",1,0.3962637166589869
3,"[array([0.36045682, 0.47137014, 0.44620517, 0.58601134, 0.38420108,
       0.64581498, 0.52425665, 0.60814046, 0.50856164, 0.5218254 ]), array([0.42542955, 0.48429952, 0.54645814, 0.51172893, 0.47022767,
       0.62489829, 0.63674497, 0.55779674, 0.53922378, 0.55366591]), array([0.4084507 , 0.47320526, 0.50086655, 0.58079848, 0.41809291,
       0.68694097, 0.54447022, 0.59733531, 0.51702296, 0.54294623]), array([0.4047976 , 0.44717182, 0.485623  , 0.43774782, 0.38341158,
       0.65313653, 0.58933333, 0.58411614, 0.45292096, 0.50557445]), array([0.38218391, 0.53265766, 0.52274678, 0.59326212, 0.39937353,
       0.64167393, 0.54170325, 0.63801653, 0.49365397, 0.54402872])]",2,0.48174088010493427
3,"[array([0.36045682, 0.47137014, 0.44620517, 0.58601134, 0.38420108,
       0.64581498, 0.52425665, 0.60814046, 0.50856164, 0.5218254 ]), array([0.42542955, 0.48429952, 0.54645814, 0.51172893, 0.47022767,
       0.62489829, 0.63674497, 0.55779674, 0.53922378, 0.55366591]), array([0.4084507 , 0.47320526, 0.50086655, 0.58079848, 0.41809291,
       0.68694097, 0.54447022, 0.59733531, 0.51702296, 0.54294623]), array([0.4047976 , 0.44717182, 0.485623  , 0.43774782, 0.38341158,
       0.65313653, 0.58933333, 0.58411614, 0.45292096, 0.50557445]), array([0.38218391, 0.53265766, 0.52274678, 0.59326212, 0.39937353,
       0.64167393, 0.54170325, 0.63801653, 0.49365397, 0.54402872])]",3,0.5003799296174861
3,"[array([0.36045682, 0.47137014, 0.44620517, 0.58601134, 0.38420108,
       0.64581498, 0.52425665, 0.60814046, 0.50856164, 0.5218254 ]), array([0.42542955, 0.48429952, 0.54645814, 0.51172893, 0.47022767,
       0.62489829, 0.63674497, 0.55779674, 0.53922378, 0.55366591]), array([0.4084507 , 0.47320526, 0.50086655, 0.58079848, 0.41809291,
       0.68694097, 0.54447022, 0.59733531, 0.51702296, 0.54294623]), array([0.4047976 , 0.44717182, 0.485623  , 0.43774782, 0.38341158,
       0.65313653, 0.58933333, 0.58411614, 0.45292096, 0.50557445]), array([0.38218391, 0.53265766, 0.52274678, 0.59326212, 0.39937353,
       0.64167393, 0.54170325, 0.63801653, 0.49365397, 0.54402872])]",4,0.5419097383529488
3,"[array([0.36045682, 0.47137014, 0.44620517, 0.58601134, 0.38420108,
       0.64581498, 0.52425665, 0.60814046, 0.50856164, 0.5218254 ]), array([0.42542955, 0.48429952, 0.54645814, 0.51172893, 0.47022767,
       0.62489829, 0.63674497, 0.55779674, 0.53922378, 0.55366591]), array([0.4084507 , 0.47320526, 0.50086655, 0.58079848, 0.41809291,
       0.68694097, 0.54447022, 0.59733531, 0.51702296, 0.54294623]), array([0.4047976 , 0.44717182, 0.485623  , 0.43774782, 0.38341158,
       0.65313653, 0.58933333, 0.58411614, 0.45292096, 0.50557445]), array([0.38218391, 0.53265766, 0.52274678, 0.59326212, 0.39937353,
       0.64167393, 0.54170325, 0.63801653, 0.49365397, 0.54402872])]",5,0.41106135395948706
3,"[array([0.36045682, 0.47137014, 0.44620517, 0.58601134, 0.38420108,
       0.64581498, 0.52425665, 0.60814046, 0.50856164, 0.5218254 ]), array([0.42542955, 0.48429952, 0.54645814, 0.51172893, 0.47022767,
       0.62489829, 0.63674497, 0.55779674, 0.53922378, 0.55366591]), array([0.4084507 , 0.47320526, 0.50086655, 0.58079848, 0.41809291,
       0.68694097, 0.54447022, 0.59733531, 0.51702296, 0.54294623]), array([0.4047976 , 0.44717182, 0.485623  , 0.43774782, 0.38341158,
       0.65313653, 0.58933333, 0.58411614, 0.45292096, 0.50557445]), array([0.38218391, 0.53265766, 0.52274678, 0.59326212, 0.39937353,
       0.64167393, 0.54170325, 0.63801653, 0.49365397, 0.54402872])]",6,0.6504929397279726
3,"[array([0.36045682, 0.47137014, 0.44620517, 0.58601134, 0.38420108,
       0.64581498, 0.52425665, 0.60814046, 0.50856164, 0.5218254 ]), array([0.42542955, 0.48429952, 0.54645814, 0.51172893, 0.47022767,
       0.62489829, 0.63674497, 0.55779674, 0.53922378, 0.55366591]), array([0.4084507 , 0.47320526, 0.50086655, 0.58079848, 0.41809291,
       0.68694097, 0.54447022, 0.59733531, 0.51702296, 0.54294623]), array([0.4047976 , 0.44717182, 0.485623  , 0.43774782, 0.38341158,
       0.65313653, 0.58933333, 0.58411614, 0.45292096, 0.50557445]), array([0.38218391, 0.53265766, 0.52274678, 0.59326212, 0.39937353,
       0.64167393, 0.54170325, 0.63801653, 0.49365397, 0.54402872])]",7,0.5673016847083349
3,"[array([0.36045682, 0.47137014, 0.44620517, 0.58601134, 0.38420108,
       0.64581498, 0.52425665, 0.60814046, 0.50856164, 0.5218254 ]), array([0.42542955, 0.48429952, 0.54645814, 0.51172893, 0.47022767,
       0.62489829, 0.63674497, 0.55779674, 0.53922378, 0.55366591]), array([0.4084507 , 0.47320526, 0.50086655, 0.58079848, 0.41809291,
       0.68694097, 0.54447022, 0.59733531, 0.51702296, 0.54294623]), array([0.4047976 , 0.44717182, 0.485623  , 0.43774782, 0.38341158,
       0.65313653, 0.58933333, 0.58411614, 0.45292096, 0.50557445]), array([0.38218391, 0.53265766, 0.52274678, 0.59326212, 0.39937353,
       0.64167393, 0.54170325, 0.63801653, 0.49365397, 0.54402872])]",8,0.5970810361411985
3,"[array([0.36045682, 0.47137014, 0.44620517, 0.58601134, 0.38420108,
       0.64581498, 0.52425665, 0.60814046, 0.50856164, 0.5218254 ]), array([0.42542955, 0.48429952, 0.54645814, 0.51172893, 0.47022767,
       0.62489829, 0.63674497, 0.55779674, 0.53922378, 0.55366591]), array([0.4084507 , 0.47320526, 0.50086655, 0.58079848, 0.41809291,
       0.68694097, 0.54447022, 0.59733531, 0.51702296, 0.54294623]), array([0.4047976 , 0.44717182, 0.485623  , 0.43774782, 0.38341158,
       0.65313653, 0.58933333, 0.58411614, 0.45292096, 0.50557445]), array([0.38218391, 0.53265766, 0.52274678, 0.59326212, 0.39937353,
       0.64167393, 0.54170325, 0.63801653, 0.49365397, 0.54402872])]",9,0.5022766647705319
3,"[array([0.36045682, 0.47137014, 0.44620517, 0.58601134, 0.38420108,
       0.64581498, 0.52425665, 0.60814046, 0.50856164, 0.5218254 ]), array([0.42542955, 0.48429952, 0.54645814, 0.51172893, 0.47022767,
       0.62489829, 0.63674497, 0.55779674, 0.53922378, 0.55366591]), array([0.4084507 , 0.47320526, 0.50086655, 0.58079848, 0.41809291,
       0.68694097, 0.54447022, 0.59733531, 0.51702296, 0.54294623]), array([0.4047976 , 0.44717182, 0.485623  , 0.43774782, 0.38341158,
       0.65313653, 0.58933333, 0.58411614, 0.45292096, 0.50557445]), array([0.38218391, 0.53265766, 0.52274678, 0.59326212, 0.39937353,
       0.64167393, 0.54170325, 0.63801653, 0.49365397, 0.54402872])]",10,0.5336081433528822
4,"[array([0.61432059, 0.53879941, 0.53660436, 0.62729124, 0.53308824,
       0.87568757, 0.56868396, 0.55397544, 0.53437279, 0.62352385]), array([0.51294278, 0.49409158, 0.44839255, 0.48744589, 0.41919687,
       0.88674389, 0.46092865, 0.59346127, 0.57292446, 0.55668934]), array([0.61397059, 0.49189189, 0.56365233, 0.60526316, 0.40642303,
       0.90979098, 0.4880213 , 0.55700549, 0.54988399, 0.60496977]), array([0.59612278, 0.56259781, 0.53466205, 0.59025271, 0.39884947,
       0.86594912, 0.44731801, 0.55865103, 0.43585896, 0.5787037 ]), array([0.58511481, 0.48137109, 0.5529316 , 0.55385996, 0.36842105,
       0.90158371, 0.48627451, 0.5511022 , 0.60224539, 0.58556175])]",1,0.5844943076123394
4,"[array([0.61432059, 0.53879941, 0.53660436, 0.62729124, 0.53308824,
       0.87568757, 0.56868396, 0.55397544, 0.53437279, 0.62352385]), array([0.51294278, 0.49409158, 0.44839255, 0.48744589, 0.41919687,
       0.88674389, 0.46092865, 0.59346127, 0.57292446, 0.55668934]), array([0.61397059, 0.49189189, 0.56365233, 0.60526316, 0.40642303,
       0.90979098, 0.4880213 , 0.55700549, 0.54988399, 0.60496977]), array([0.59612278, 0.56259781, 0.53466205, 0.59025271, 0.39884947,
       0.86594912, 0.44731801, 0.55865103, 0.43585896, 0.5787037 ]), array([0.58511481, 0.48137109, 0.5529316 , 0.55385996, 0.36842105,
       0.90158371, 0.48627451, 0.5511022 , 0.60224539, 0.58556175])]",2,0.5137503567495435
4,"[array([0.61432059, 0.53879941, 0.53660436, 0.62729124, 0.53308824,
       0.87568757, 0.56868396, 0.55397544, 0.53437279, 0.62352385]), array([0.51294278, 0.49409158, 0.44839255, 0.48744589, 0.41919687,
       0.88674389, 0.46092865, 0.59346127, 0.57292446, 0.55668934]), array([0.61397059, 0.49189189, 0.56365233, 0.60526316, 0.40642303,
       0.90979098, 0.4880213 , 0.55700549, 0.54988399, 0.60496977]), array([0.59612278, 0.56259781, 0.53466205, 0.59025271, 0.39884947,
       0.86594912, 0.44731801, 0.55865103, 0.43585896, 0.5787037 ]), array([0.58511481, 0.48137109, 0.5529316 , 0.55385996, 0.36842105,
       0.90158371, 0.48627451, 0.5511022 , 0.60224539, 0.58556175])]",3,0.5272485768232806
4,"[array([0.61432059, 0.53879941, 0.53660436, 0.62729124, 0.53308824,
       0.87568757, 0.56868396, 0.55397544, 0.53437279, 0.62352385]), array([0.51294278, 0.49409158, 0.44839255, 0.48744589, 0.41919687,
       0.88674389, 0.46092865, 0.59346127, 0.57292446, 0.55668934]), array([0.61397059, 0.49189189, 0.56365233, 0.60526316, 0.40642303,
       0.90979098, 0.4880213 , 0.55700549, 0.54988399, 0.60496977]), array([0.59612278, 0.56259781, 0.53466205, 0.59025271, 0.39884947,
       0.86594912, 0.44731801, 0.55865103, 0.43585896, 0.5787037 ]), array([0.58511481, 0.48137109, 0.5529316 , 0.55385996, 0.36842105,
       0.90158371, 0.48627451, 0.5511022 , 0.60224539, 0.58556175])]",4,0.5728225918755468
4,"[array([0.61432059, 0.53879941, 0.53660436, 0.62729124, 0.53308824,
       0.87568757, 0.56868396, 0.55397544, 0.53437279, 0.62352385]), array([0.51294278, 0.49409158, 0.44839255, 0.48744589, 0.41919687,
       0.88674389, 0.46092865, 0.59346127, 0.57292446, 0.55668934]), array([0.61397059, 0.49189189, 0.56365233, 0.60526316, 0.40642303,
       0.90979098, 0.4880213 , 0.55700549, 0.54988399, 0.60496977]), array([0.59612278, 0.56259781, 0.53466205, 0.59025271, 0.39884947,
       0.86594912, 0.44731801, 0.55865103, 0.43585896, 0.5787037 ]), array([0.58511481, 0.48137109, 0.5529316 , 0.55385996, 0.36842105,
       0.90158371, 0.48627451, 0.5511022 , 0.60224539, 0.58556175])]",5,0.42519573214970185
4,"[array([0.61432059, 0.53879941, 0.53660436, 0.62729124, 0.53308824,
       0.87568757, 0.56868396, 0.55397544, 0.53437279, 0.62352385]), array([0.51294278, 0.49409158, 0.44839255, 0.48744589, 0.41919687,
       0.88674389, 0.46092865, 0.59346127, 0.57292446, 0.55668934]), array([0.61397059, 0.49189189, 0.56365233, 0.60526316, 0.40642303,
       0.90979098, 0.4880213 , 0.55700549, 0.54988399, 0.60496977]), array([0.59612278, 0.56259781, 0.53466205, 0.59025271, 0.39884947,
       0.86594912, 0.44731801, 0.55865103, 0.43585896, 0.5787037 ]), array([0.58511481, 0.48137109, 0.5529316 , 0.55385996, 0.36842105,
       0.90158371, 0.48627451, 0.5511022 , 0.60224539, 0.58556175])]",6,0.8879510528759379
4,"[array([0.61432059, 0.53879941, 0.53660436, 0.62729124, 0.53308824,
       0.87568757, 0.56868396, 0.55397544, 0.53437279, 0.62352385]), array([0.51294278, 0.49409158, 0.44839255, 0.48744589, 0.41919687,
       0.88674389, 0.46092865, 0.59346127, 0.57292446, 0.55668934]), array([0.61397059, 0.49189189, 0.56365233, 0.60526316, 0.40642303,
       0.90979098, 0.4880213 , 0.55700549, 0.54988399, 0.60496977]), array([0.59612278, 0.56259781, 0.53466205, 0.59025271, 0.39884947,
       0.86594912, 0.44731801, 0.55865103, 0.43585896, 0.5787037 ]), array([0.58511481, 0.48137109, 0.5529316 , 0.55385996, 0.36842105,
       0.90158371, 0.48627451, 0.5511022 , 0.60224539, 0.58556175])]",7,0.4902452845992097
4,"[array([0.61432059, 0.53879941, 0.53660436, 0.62729124, 0.53308824,
       0.87568757, 0.56868396, 0.55397544, 0.53437279, 0.62352385]), array([0.51294278, 0.49409158, 0.44839255, 0.48744589, 0.41919687,
       0.88674389, 0.46092865, 0.59346127, 0.57292446, 0.55668934]), array([0.61397059, 0.49189189, 0.56365233, 0.60526316, 0.40642303,
       0.90979098, 0.4880213 , 0.55700549, 0.54988399, 0.60496977]), array([0.59612278, 0.56259781, 0.53466205, 0.59025271, 0.39884947,
       0.86594912, 0.44731801, 0.55865103, 0.43585896, 0.5787037 ]), array([0.58511481, 0.48137109, 0.5529316 , 0.55385996, 0.36842105,
       0.90158371, 0.48627451, 0.5511022 , 0.60224539, 0.58556175])]",8,0.5628390853477415
4,"[array([0.61432059, 0.53879941, 0.53660436, 0.62729124, 0.53308824,
       0.87568757, 0.56868396, 0.55397544, 0.53437279, 0.62352385]), array([0.51294278, 0.49409158, 0.44839255, 0.48744589, 0.41919687,
       0.88674389, 0.46092865, 0.59346127, 0.57292446, 0.55668934]), array([0.61397059, 0.49189189, 0.56365233, 0.60526316, 0.40642303,
       0.90979098, 0.4880213 , 0.55700549, 0.54988399, 0.60496977]), array([0.59612278, 0.56259781, 0.53466205, 0.59025271, 0.39884947,
       0.86594912, 0.44731801, 0.55865103, 0.43585896, 0.5787037 ]), array([0.58511481, 0.48137109, 0.5529316 , 0.55385996, 0.36842105,
       0.90158371, 0.48627451, 0.5511022 , 0.60224539, 0.58556175])]",9,0.5390571174787553
4,"[array([0.61432059, 0.53879941, 0.53660436, 0.62729124, 0.53308824,
       0.87568757, 0.56868396, 0.55397544, 0.53437279, 0.62352385]), array([0.51294278, 0.49409158, 0.44839255, 0.48744589, 0.41919687,
       0.88674389, 0.46092865, 0.59346127, 0.57292446, 0.55668934]), array([0.61397059, 0.49189189, 0.56365233, 0.60526316, 0.40642303,
       0.90979098, 0.4880213 , 0.55700549, 0.54988399, 0.60496977]), array([0.59612278, 0.56259781, 0.53466205, 0.59025271, 0.39884947,
       0.86594912, 0.44731801, 0.55865103, 0.43585896, 0.5787037 ]), array([0.58511481, 0.48137109, 0.5529316 , 0.55385996, 0.36842105,
       0.90158371, 0.48627451, 0.5511022 , 0.60224539, 0.58556175])]",10,0.5898896832557722
5,"[array([0.51499572, 0.51663894, 0.34753363, 0.65235602, 0.3637084 ,
       0.3699422 , 0.61709706, 0.5910683 , 0.3743552 , 0.50604686]), array([0.52941176, 0.52412646, 0.38450185, 0.66505441, 0.33455882,
       0.34339623, 0.60072595, 0.50252525, 0.3543883 , 0.48630008]), array([0.59930616, 0.50111359, 0.38848921, 0.65143992, 0.33702532,
       0.4122288 , 0.65576923, 0.55599682, 0.41793435, 0.52739985]), array([0.55695142, 0.54844291, 0.37534247, 0.65708812, 0.35197368,
       0.3266055 , 0.66757493, 0.50562641, 0.41107011, 0.51785714]), array([0.45057661, 0.4937454 , 0.41593695, 0.663     , 0.35011619,
       0.27777778, 0.66733267, 0.48337388, 0.37597504, 0.48970144])]",1,0.5302483336221434
5,"[array([0.51499572, 0.51663894, 0.34753363, 0.65235602, 0.3637084 ,
       0.3699422 , 0.61709706, 0.5910683 , 0.3743552 , 0.50604686]), array([0.52941176, 0.52412646, 0.38450185, 0.66505441, 0.33455882,
       0.34339623, 0.60072595, 0.50252525, 0.3543883 , 0.48630008]), array([0.59930616, 0.50111359, 0.38848921, 0.65143992, 0.33702532,
       0.4122288 , 0.65576923, 0.55599682, 0.41793435, 0.52739985]), array([0.55695142, 0.54844291, 0.37534247, 0.65708812, 0.35197368,
       0.3266055 , 0.66757493, 0.50562641, 0.41107011, 0.51785714]), array([0.45057661, 0.4937454 , 0.41593695, 0.663     , 0.35011619,
       0.27777778, 0.66733267, 0.48337388, 0.37597504, 0.48970144])]",2,0.5168134568731282
5,"[array([0.51499572, 0.51663894, 0.34753363, 0.65235602, 0.3637084 ,
       0.3699422 , 0.61709706, 0.5910683 , 0.3743552 , 0.50604686]), array([0.52941176, 0.52412646, 0.38450185, 0.66505441, 0.33455882,
       0.34339623, 0.60072595, 0.50252525, 0.3543883 , 0.48630008]), array([0.59930616, 0.50111359, 0.38848921, 0.65143992, 0.33702532,
       0.4122288 , 0.65576923, 0.55599682, 0.41793435, 0.52739985]), array([0.55695142, 0.54844291, 0.37534247, 0.65708812, 0.35197368,
       0.3266055 , 0.66757493, 0.50562641, 0.41107011, 0.51785714]), array([0.45057661, 0.4937454 , 0.41593695, 0.663     , 0.35011619,
       0.27777778, 0.66733267, 0.48337388, 0.37597504, 0.48970144])]",3,0.38236082088129997
5,"[array([0.51499572, 0.51663894, 0.34753363, 0.65235602, 0.3637084 ,
       0.3699422 , 0.61709706, 0.5910683 , 0.3743552 , 0.50604686]), array([0.52941176, 0.52412646, 0.38450185, 0.66505441, 0.33455882,
       0.34339623, 0.60072595, 0.50252525, 0.3543883 , 0.48630008]), array([0.59930616, 0.50111359, 0.38848921, 0.65143992, 0.33702532,
       0.4122288 , 0.65576923, 0.55599682, 0.41793435, 0.52739985]), array([0.55695142, 0.54844291, 0.37534247, 0.65708812, 0.35197368,
       0.3266055 , 0.66757493, 0.50562641, 0.41107011, 0.51785714]), array([0.45057661, 0.4937454 , 0.41593695, 0.663     , 0.35011619,
       0.27777778, 0.66733267, 0.48337388, 0.37597504, 0.48970144])]",4,0.6577876955293611
5,"[array([0.51499572, 0.51663894, 0.34753363, 0.65235602, 0.3637084 ,
       0.3699422 , 0.61709706, 0.5910683 , 0.3743552 , 0.50604686]), array([0.52941176, 0.52412646, 0.38450185, 0.66505441, 0.33455882,
       0.34339623, 0.60072595, 0.50252525, 0.3543883 , 0.48630008]), array([0.59930616, 0.50111359, 0.38848921, 0.65143992, 0.33702532,
       0.4122288 , 0.65576923, 0.55599682, 0.41793435, 0.52739985]), array([0.55695142, 0.54844291, 0.37534247, 0.65708812, 0.35197368,
       0.3266055 , 0.66757493, 0.50562641, 0.41107011, 0.51785714]), array([0.45057661, 0.4937454 , 0.41593695, 0.663     , 0.35011619,
       0.27777778, 0.66733267, 0.48337388, 0.37597504, 0.48970144])]",5,0.3474764825124989
5,"[array([0.51499572, 0.51663894, 0.34753363, 0.65235602, 0.3637084 ,
       0.3699422 , 0.61709706, 0.5910683 , 0.3743552 , 0.50604686]), array([0.52941176, 0.52412646, 0.38450185, 0.66505441, 0.33455882,
       0.34339623, 0.60072595, 0.50252525, 0.3543883 , 0.48630008]), array([0.59930616, 0.50111359, 0.38848921, 0.65143992, 0.33702532,
       0.4122288 , 0.65576923, 0.55599682, 0.41793435, 0.52739985]), array([0.55695142, 0.54844291, 0.37534247, 0.65708812, 0.35197368,
       0.3266055 , 0.66757493, 0.50562641, 0.41107011, 0.51785714]), array([0.45057661, 0.4937454 , 0.41593695, 0.663     , 0.35011619,
       0.27777778, 0.66733267, 0.48337388, 0.37597504, 0.48970144])]",6,0.34599010043120026
5,"[array([0.51499572, 0.51663894, 0.34753363, 0.65235602, 0.3637084 ,
       0.3699422 , 0.61709706, 0.5910683 , 0.3743552 , 0.50604686]), array([0.52941176, 0.52412646, 0.38450185, 0.66505441, 0.33455882,
       0.34339623, 0.60072595, 0.50252525, 0.3543883 , 0.48630008]), array([0.59930616, 0.50111359, 0.38848921, 0.65143992, 0.33702532,
       0.4122288 , 0.65576923, 0.55599682, 0.41793435, 0.52739985]), array([0.55695142, 0.54844291, 0.37534247, 0.65708812, 0.35197368,
       0.3266055 , 0.66757493, 0.50562641, 0.41107011, 0.51785714]), array([0.45057661, 0.4937454 , 0.41593695, 0.663     , 0.35011619,
       0.27777778, 0.66733267, 0.48337388, 0.37597504, 0.48970144])]",7,0.6416999688475278
5,"[array([0.51499572, 0.51663894, 0.34753363, 0.65235602, 0.3637084 ,
       0.3699422 , 0.61709706, 0.5910683 , 0.3743552 , 0.50604686]), array([0.52941176, 0.52412646, 0.38450185, 0.66505441, 0.33455882,
       0.34339623, 0.60072595, 0.50252525, 0.3543883 , 0.48630008]), array([0.59930616, 0.50111359, 0.38848921, 0.65143992, 0.33702532,
       0.4122288 , 0.65576923, 0.55599682, 0.41793435, 0.52739985]), array([0.55695142, 0.54844291, 0.37534247, 0.65708812, 0.35197368,
       0.3266055 , 0.66757493, 0.50562641, 0.41107011, 0.51785714]), array([0.45057661, 0.4937454 , 0.41593695, 0.663     , 0.35011619,
       0.27777778, 0.66733267, 0.48337388, 0.37597504, 0.48970144])]",8,0.5277181336123717
5,"[array([0.51499572, 0.51663894, 0.34753363, 0.65235602, 0.3637084 ,
       0.3699422 , 0.61709706, 0.5910683 , 0.3743552 , 0.50604686]), array([0.52941176, 0.52412646, 0.38450185, 0.66505441, 0.33455882,
       0.34339623, 0.60072595, 0.50252525, 0.3543883 , 0.48630008]), array([0.59930616, 0.50111359, 0.38848921, 0.65143992, 0.33702532,
       0.4122288 , 0.65576923, 0.55599682, 0.41793435, 0.52739985]), array([0.55695142, 0.54844291, 0.37534247, 0.65708812, 0.35197368,
       0.3266055 , 0.66757493, 0.50562641, 0.41107011, 0.51785714]), array([0.45057661, 0.4937454 , 0.41593695, 0.663     , 0.35011619,
       0.27777778, 0.66733267, 0.48337388, 0.37597504, 0.48970144])]",9,0.38674459806734085
5,"[array([0.51499572, 0.51663894, 0.34753363, 0.65235602, 0.3637084 ,
       0.3699422 , 0.61709706, 0.5910683 , 0.3743552 , 0.50604686]), array([0.52941176, 0.52412646, 0.38450185, 0.66505441, 0.33455882,
       0.34339623, 0.60072595, 0.50252525, 0.3543883 , 0.48630008]), array([0.59930616, 0.50111359, 0.38848921, 0.65143992, 0.33702532,
       0.4122288 , 0.65576923, 0.55599682, 0.41793435, 0.52739985]), array([0.55695142, 0.54844291, 0.37534247, 0.65708812, 0.35197368,
       0.3266055 , 0.66757493, 0.50562641, 0.41107011, 0.51785714]), array([0.45057661, 0.4937454 , 0.41593695, 0.663     , 0.35011619,
       0.27777778, 0.66733267, 0.48337388, 0.37597504, 0.48970144])]",10,0.5054610733182161
6,"[array([0.61393892, 0.44769141, 0.56637168, 0.56418554, 0.50747508,
       0.58183538, 0.52578475, 0.66838488, 0.55205993, 0.56849962]), array([0.61741425, 0.50723639, 0.52311877, 0.61287028, 0.44702243,
       0.57372401, 0.56097561, 0.67044596, 0.58603066, 0.57520786]), array([0.71611002, 0.54008746, 0.59913043, 0.59475983, 0.51506024,
       0.49739583, 0.64094955, 0.69284468, 0.59382423, 0.61228153]), array([0.69466317, 0.51550388, 0.56485741, 0.57823129, 0.46613546,
       0.54521964, 0.49599417, 0.705     , 0.57961783, 0.58068783]), array([0.72306322, 0.51189618, 0.557393  , 0.55072464, 0.48557354,
       0.46717818, 0.63434579, 0.60496014, 0.54173107, 0.5734127 ])]",1,0.6730379155244507
6,"[array([0.61393892, 0.44769141, 0.56637168, 0.56418554, 0.50747508,
       0.58183538, 0.52578475, 0.66838488, 0.55205993, 0.56849962]), array([0.61741425, 0.50723639, 0.52311877, 0.61287028, 0.44702243,
       0.57372401, 0.56097561, 0.67044596, 0.58603066, 0.57520786]), array([0.71611002, 0.54008746, 0.59913043, 0.59475983, 0.51506024,
       0.49739583, 0.64094955, 0.69284468, 0.59382423, 0.61228153]), array([0.69466317, 0.51550388, 0.56485741, 0.57823129, 0.46613546,
       0.54521964, 0.49599417, 0.705     , 0.57961783, 0.58068783]), array([0.72306322, 0.51189618, 0.557393  , 0.55072464, 0.48557354,
       0.46717818, 0.63434579, 0.60496014, 0.54173107, 0.5734127 ])]",2,0.5044830631118975
6,"[array([0.61393892, 0.44769141, 0.56637168, 0.56418554, 0.50747508,
       0.58183538, 0.52578475, 0.66838488, 0.55205993, 0.56849962]), array([0.61741425, 0.50723639, 0.52311877, 0.61287028, 0.44702243,
       0.57372401, 0.56097561, 0.67044596, 0.58603066, 0.57520786]), array([0.71611002, 0.54008746, 0.59913043, 0.59475983, 0.51506024,
       0.49739583, 0.64094955, 0.69284468, 0.59382423, 0.61228153]), array([0.69466317, 0.51550388, 0.56485741, 0.57823129, 0.46613546,
       0.54521964, 0.49599417, 0.705     , 0.57961783, 0.58068783]), array([0.72306322, 0.51189618, 0.557393  , 0.55072464, 0.48557354,
       0.46717818, 0.63434579, 0.60496014, 0.54173107, 0.5734127 ])]",3,0.5621742570020706
6,"[array([0.61393892, 0.44769141, 0.56637168, 0.56418554, 0.50747508,
       0.58183538, 0.52578475, 0.66838488, 0.55205993, 0.56849962]), array([0.61741425, 0.50723639, 0.52311877, 0.61287028, 0.44702243,
       0.57372401, 0.56097561, 0.67044596, 0.58603066, 0.57520786]), array([0.71611002, 0.54008746, 0.59913043, 0.59475983, 0.51506024,
       0.49739583, 0.64094955, 0.69284468, 0.59382423, 0.61228153]), array([0.69466317, 0.51550388, 0.56485741, 0.57823129, 0.46613546,
       0.54521964, 0.49599417, 0.705     , 0.57961783, 0.58068783]), array([0.72306322, 0.51189618, 0.557393  , 0.55072464, 0.48557354,
       0.46717818, 0.63434579, 0.60496014, 0.54173107, 0.5734127 ])]",4,0.5801543152170741
6,"[array([0.61393892, 0.44769141, 0.56637168, 0.56418554, 0.50747508,
       0.58183538, 0.52578475, 0.66838488, 0.55205993, 0.56849962]), array([0.61741425, 0.50723639, 0.52311877, 0.61287028, 0.44702243,
       0.57372401, 0.56097561, 0.67044596, 0.58603066, 0.57520786]), array([0.71611002, 0.54008746, 0.59913043, 0.59475983, 0.51506024,
       0.49739583, 0.64094955, 0.69284468, 0.59382423, 0.61228153]), array([0.69466317, 0.51550388, 0.56485741, 0.57823129, 0.46613546,
       0.54521964, 0.49599417, 0.705     , 0.57961783, 0.58068783]), array([0.72306322, 0.51189618, 0.557393  , 0.55072464, 0.48557354,
       0.46717818, 0.63434579, 0.60496014, 0.54173107, 0.5734127 ])]",5,0.48425335008186793
6,"[array([0.61393892, 0.44769141, 0.56637168, 0.56418554, 0.50747508,
       0.58183538, 0.52578475, 0.66838488, 0.55205993, 0.56849962]), array([0.61741425, 0.50723639, 0.52311877, 0.61287028, 0.44702243,
       0.57372401, 0.56097561, 0.67044596, 0.58603066, 0.57520786]), array([0.71611002, 0.54008746, 0.59913043, 0.59475983, 0.51506024,
       0.49739583, 0.64094955, 0.69284468, 0.59382423, 0.61228153]), array([0.69466317, 0.51550388, 0.56485741, 0.57823129, 0.46613546,
       0.54521964, 0.49599417, 0.705     , 0.57961783, 0.58068783]), array([0.72306322, 0.51189618, 0.557393  , 0.55072464, 0.48557354,
       0.46717818, 0.63434579, 0.60496014, 0.54173107, 0.5734127 ])]",6,0.5330706075831249
6,"[array([0.61393892, 0.44769141, 0.56637168, 0.56418554, 0.50747508,
       0.58183538, 0.52578475, 0.66838488, 0.55205993, 0.56849962]), array([0.61741425, 0.50723639, 0.52311877, 0.61287028, 0.44702243,
       0.57372401, 0.56097561, 0.67044596, 0.58603066, 0.57520786]), array([0.71611002, 0.54008746, 0.59913043, 0.59475983, 0.51506024,
       0.49739583, 0.64094955, 0.69284468, 0.59382423, 0.61228153]), array([0.69466317, 0.51550388, 0.56485741, 0.57823129, 0.46613546,
       0.54521964, 0.49599417, 0.705     , 0.57961783, 0.58068783]), array([0.72306322, 0.51189618, 0.557393  , 0.55072464, 0.48557354,
       0.46717818, 0.63434579, 0.60496014, 0.54173107, 0.5734127 ])]",7,0.5716099771502073
6,"[array([0.61393892, 0.44769141, 0.56637168, 0.56418554, 0.50747508,
       0.58183538, 0.52578475, 0.66838488, 0.55205993, 0.56849962]), array([0.61741425, 0.50723639, 0.52311877, 0.61287028, 0.44702243,
       0.57372401, 0.56097561, 0.67044596, 0.58603066, 0.57520786]), array([0.71611002, 0.54008746, 0.59913043, 0.59475983, 0.51506024,
       0.49739583, 0.64094955, 0.69284468, 0.59382423, 0.61228153]), array([0.69466317, 0.51550388, 0.56485741, 0.57823129, 0.46613546,
       0.54521964, 0.49599417, 0.705     , 0.57961783, 0.58068783]), array([0.72306322, 0.51189618, 0.557393  , 0.55072464, 0.48557354,
       0.46717818, 0.63434579, 0.60496014, 0.54173107, 0.5734127 ])]",8,0.6683271309483068
6,"[array([0.61393892, 0.44769141, 0.56637168, 0.56418554, 0.50747508,
       0.58183538, 0.52578475, 0.66838488, 0.55205993, 0.56849962]), array([0.61741425, 0.50723639, 0.52311877, 0.61287028, 0.44702243,
       0.57372401, 0.56097561, 0.67044596, 0.58603066, 0.57520786]), array([0.71611002, 0.54008746, 0.59913043, 0.59475983, 0.51506024,
       0.49739583, 0.64094955, 0.69284468, 0.59382423, 0.61228153]), array([0.69466317, 0.51550388, 0.56485741, 0.57823129, 0.46613546,
       0.54521964, 0.49599417, 0.705     , 0.57961783, 0.58068783]), array([0.72306322, 0.51189618, 0.557393  , 0.55072464, 0.48557354,
       0.46717818, 0.63434579, 0.60496014, 0.54173107, 0.5734127 ])]",9,0.5706527436745716
6,"[array([0.61393892, 0.44769141, 0.56637168, 0.56418554, 0.50747508,
       0.58183538, 0.52578475, 0.66838488, 0.55205993, 0.56849962]), array([0.61741425, 0.50723639, 0.52311877, 0.61287028, 0.44702243,
       0.57372401, 0.56097561, 0.67044596, 0.58603066, 0.57520786]), array([0.71611002, 0.54008746, 0.59913043, 0.59475983, 0.51506024,
       0.49739583, 0.64094955, 0.69284468, 0.59382423, 0.61228153]), array([0.69466317, 0.51550388, 0.56485741, 0.57823129, 0.46613546,
       0.54521964, 0.49599417, 0.705     , 0.57961783, 0.58068783]), array([0.72306322, 0.51189618, 0.557393  , 0.55072464, 0.48557354,
       0.46717818, 0.63434579, 0.60496014, 0.54173107, 0.5734127 ])]",10,0.5820179085122739
7,"[array([0.53981008, 0.59051724, 0.49956934, 0.44154818, 0.47731755,
       0.56365233, 0.86242038, 0.39541759, 0.61360239, 0.57024091]), array([0.52424942, 0.52856055, 0.57563452, 0.52508004, 0.47489362,
       0.49251379, 0.68950178, 0.43948563, 0.55910267, 0.57507323]), array([0.58679928, 0.64086957, 0.56130108, 0.45142003, 0.43601463,
       0.50081169, 0.79841897, 0.41533277, 0.55006588, 0.57176604]), array([0.6121372 , 0.55      , 0.57794677, 0.42708333, 0.42429577,
       0.46374368, 0.70500532, 0.37934028, 0.51267992, 0.54888994]), array([0.53908795, 0.5571003 , 0.54631829, 0.43350604, 0.42044444,
       0.44319098, 0.73503185, 0.39533239, 0.54218635, 0.53590325])]",1,0.5604167861410145
7,"[array([0.53981008, 0.59051724, 0.49956934, 0.44154818, 0.47731755,
       0.56365233, 0.86242038, 0.39541759, 0.61360239, 0.57024091]), array([0.52424942, 0.52856055, 0.57563452, 0.52508004, 0.47489362,
       0.49251379, 0.68950178, 0.43948563, 0.55910267, 0.57507323]), array([0.58679928, 0.64086957, 0.56130108, 0.45142003, 0.43601463,
       0.50081169, 0.79841897, 0.41533277, 0.55006588, 0.57176604]), array([0.6121372 , 0.55      , 0.57794677, 0.42708333, 0.42429577,
       0.46374368, 0.70500532, 0.37934028, 0.51267992, 0.54888994]), array([0.53908795, 0.5571003 , 0.54631829, 0.43350604, 0.42044444,
       0.44319098, 0.73503185, 0.39533239, 0.54218635, 0.53590325])]",2,0.5734095305747656
7,"[array([0.53981008, 0.59051724, 0.49956934, 0.44154818, 0.47731755,
       0.56365233, 0.86242038, 0.39541759, 0.61360239, 0.57024091]), array([0.52424942, 0.52856055, 0.57563452, 0.52508004, 0.47489362,
       0.49251379, 0.68950178, 0.43948563, 0.55910267, 0.57507323]), array([0.58679928, 0.64086957, 0.56130108, 0.45142003, 0.43601463,
       0.50081169, 0.79841897, 0.41533277, 0.55006588, 0.57176604]), array([0.6121372 , 0.55      , 0.57794677, 0.42708333, 0.42429577,
       0.46374368, 0.70500532, 0.37934028, 0.51267992, 0.54888994]), array([0.53908795, 0.5571003 , 0.54631829, 0.43350604, 0.42044444,
       0.44319098, 0.73503185, 0.39533239, 0.54218635, 0.53590325])]",3,0.5521539993258121
7,"[array([0.53981008, 0.59051724, 0.49956934, 0.44154818, 0.47731755,
       0.56365233, 0.86242038, 0.39541759, 0.61360239, 0.57024091]), array([0.52424942, 0.52856055, 0.57563452, 0.52508004, 0.47489362,
       0.49251379, 0.68950178, 0.43948563, 0.55910267, 0.57507323]), array([0.58679928, 0.64086957, 0.56130108, 0.45142003, 0.43601463,
       0.50081169, 0.79841897, 0.41533277, 0.55006588, 0.57176604]), array([0.6121372 , 0.55      , 0.57794677, 0.42708333, 0.42429577,
       0.46374368, 0.70500532, 0.37934028, 0.51267992, 0.54888994]), array([0.53908795, 0.5571003 , 0.54631829, 0.43350604, 0.42044444,
       0.44319098, 0.73503185, 0.39533239, 0.54218635, 0.53590325])]",4,0.45572752681549733
7,"[array([0.53981008, 0.59051724, 0.49956934, 0.44154818, 0.47731755,
       0.56365233, 0.86242038, 0.39541759, 0.61360239, 0.57024091]), array([0.52424942, 0.52856055, 0.57563452, 0.52508004, 0.47489362,
       0.49251379, 0.68950178, 0.43948563, 0.55910267, 0.57507323]), array([0.58679928, 0.64086957, 0.56130108, 0.45142003, 0.43601463,
       0.50081169, 0.79841897, 0.41533277, 0.55006588, 0.57176604]), array([0.6121372 , 0.55      , 0.57794677, 0.42708333, 0.42429577,
       0.46374368, 0.70500532, 0.37934028, 0.51267992, 0.54888994]), array([0.53908795, 0.5571003 , 0.54631829, 0.43350604, 0.42044444,
       0.44319098, 0.73503185, 0.39533239, 0.54218635, 0.53590325])]",5,0.4465932031165517
7,"[array([0.53981008, 0.59051724, 0.49956934, 0.44154818, 0.47731755,
       0.56365233, 0.86242038, 0.39541759, 0.61360239, 0.57024091]), array([0.52424942, 0.52856055, 0.57563452, 0.52508004, 0.47489362,
       0.49251379, 0.68950178, 0.43948563, 0.55910267, 0.57507323]), array([0.58679928, 0.64086957, 0.56130108, 0.45142003, 0.43601463,
       0.50081169, 0.79841897, 0.41533277, 0.55006588, 0.57176604]), array([0.6121372 , 0.55      , 0.57794677, 0.42708333, 0.42429577,
       0.46374368, 0.70500532, 0.37934028, 0.51267992, 0.54888994]), array([0.53908795, 0.5571003 , 0.54631829, 0.43350604, 0.42044444,
       0.44319098, 0.73503185, 0.39533239, 0.54218635, 0.53590325])]",6,0.4927824913085688
7,"[array([0.53981008, 0.59051724, 0.49956934, 0.44154818, 0.47731755,
       0.56365233, 0.86242038, 0.39541759, 0.61360239, 0.57024091]), array([0.52424942, 0.52856055, 0.57563452, 0.52508004, 0.47489362,
       0.49251379, 0.68950178, 0.43948563, 0.55910267, 0.57507323]), array([0.58679928, 0.64086957, 0.56130108, 0.45142003, 0.43601463,
       0.50081169, 0.79841897, 0.41533277, 0.55006588, 0.57176604]), array([0.6121372 , 0.55      , 0.57794677, 0.42708333, 0.42429577,
       0.46374368, 0.70500532, 0.37934028, 0.51267992, 0.54888994]), array([0.53908795, 0.5571003 , 0.54631829, 0.43350604, 0.42044444,
       0.44319098, 0.73503185, 0.39533239, 0.54218635, 0.53590325])]",7,0.7580756611608883
7,"[array([0.53981008, 0.59051724, 0.49956934, 0.44154818, 0.47731755,
       0.56365233, 0.86242038, 0.39541759, 0.61360239, 0.57024091]), array([0.52424942, 0.52856055, 0.57563452, 0.52508004, 0.47489362,
       0.49251379, 0.68950178, 0.43948563, 0.55910267, 0.57507323]), array([0.58679928, 0.64086957, 0.56130108, 0.45142003, 0.43601463,
       0.50081169, 0.79841897, 0.41533277, 0.55006588, 0.57176604]), array([0.6121372 , 0.55      , 0.57794677, 0.42708333, 0.42429577,
       0.46374368, 0.70500532, 0.37934028, 0.51267992, 0.54888994]), array([0.53908795, 0.5571003 , 0.54631829, 0.43350604, 0.42044444,
       0.44319098, 0.73503185, 0.39533239, 0.54218635, 0.53590325])]",8,0.4049817316458341
7,"[array([0.53981008, 0.59051724, 0.49956934, 0.44154818, 0.47731755,
       0.56365233, 0.86242038, 0.39541759, 0.61360239, 0.57024091]), array([0.52424942, 0.52856055, 0.57563452, 0.52508004, 0.47489362,
       0.49251379, 0.68950178, 0.43948563, 0.55910267, 0.57507323]), array([0.58679928, 0.64086957, 0.56130108, 0.45142003, 0.43601463,
       0.50081169, 0.79841897, 0.41533277, 0.55006588, 0.57176604]), array([0.6121372 , 0.55      , 0.57794677, 0.42708333, 0.42429577,
       0.46374368, 0.70500532, 0.37934028, 0.51267992, 0.54888994]), array([0.53908795, 0.5571003 , 0.54631829, 0.43350604, 0.42044444,
       0.44319098, 0.73503185, 0.39533239, 0.54218635, 0.53590325])]",9,0.5555274427770591
7,"[array([0.53981008, 0.59051724, 0.49956934, 0.44154818, 0.47731755,
       0.56365233, 0.86242038, 0.39541759, 0.61360239, 0.57024091]), array([0.52424942, 0.52856055, 0.57563452, 0.52508004, 0.47489362,
       0.49251379, 0.68950178, 0.43948563, 0.55910267, 0.57507323]), array([0.58679928, 0.64086957, 0.56130108, 0.45142003, 0.43601463,
       0.50081169, 0.79841897, 0.41533277, 0.55006588, 0.57176604]), array([0.6121372 , 0.55      , 0.57794677, 0.42708333, 0.42429577,
       0.46374368, 0.70500532, 0.37934028, 0.51267992, 0.54888994]), array([0.53908795, 0.5571003 , 0.54631829, 0.43350604, 0.42044444,
       0.44319098, 0.73503185, 0.39533239, 0.54218635, 0.53590325])]",10,0.5603746732506613
8,"[array([0.68320611, 0.43206997, 0.5730071 , 0.45994065, 0.51708428,
       0.71335927, 0.47347741, 0.70808081, 0.6896861 , 0.57615268]), array([0.69313113, 0.4680253 , 0.53304348, 0.56521739, 0.50955414,
       0.65079365, 0.46259437, 0.66015625, 0.62834918, 0.57048375]), array([0.65339967, 0.54984663, 0.57920792, 0.54784514, 0.55687438,
       0.75590551, 0.44700793, 0.70107527, 0.64420063, 0.60043462]), array([0.68020305, 0.60503472, 0.55733761, 0.51761323, 0.42913386,
       0.71581769, 0.48658718, 0.56410256, 0.6167057 , 0.58097128]), array([0.68020305, 0.53577236, 0.60782609, 0.50729335, 0.50133333,
       0.6679803 , 0.49619903, 0.68603561, 0.65608466, 0.59514361])]",1,0.6780285998965734
8,"[array([0.68320611, 0.43206997, 0.5730071 , 0.45994065, 0.51708428,
       0.71335927, 0.47347741, 0.70808081, 0.6896861 , 0.57615268]), array([0.69313113, 0.4680253 , 0.53304348, 0.56521739, 0.50955414,
       0.65079365, 0.46259437, 0.66015625, 0.62834918, 0.57048375]), array([0.65339967, 0.54984663, 0.57920792, 0.54784514, 0.55687438,
       0.75590551, 0.44700793, 0.70107527, 0.64420063, 0.60043462]), array([0.68020305, 0.60503472, 0.55733761, 0.51761323, 0.42913386,
       0.71581769, 0.48658718, 0.56410256, 0.6167057 , 0.58097128]), array([0.68020305, 0.53577236, 0.60782609, 0.50729335, 0.50133333,
       0.6679803 , 0.49619903, 0.68603561, 0.65608466, 0.59514361])]",2,0.5181497950445888
8,"[array([0.68320611, 0.43206997, 0.5730071 , 0.45994065, 0.51708428,
       0.71335927, 0.47347741, 0.70808081, 0.6896861 , 0.57615268]), array([0.69313113, 0.4680253 , 0.53304348, 0.56521739, 0.50955414,
       0.65079365, 0.46259437, 0.66015625, 0.62834918, 0.57048375]), array([0.65339967, 0.54984663, 0.57920792, 0.54784514, 0.55687438,
       0.75590551, 0.44700793, 0.70107527, 0.64420063, 0.60043462]), array([0.68020305, 0.60503472, 0.55733761, 0.51761323, 0.42913386,
       0.71581769, 0.48658718, 0.56410256, 0.6167057 , 0.58097128]), array([0.68020305, 0.53577236, 0.60782609, 0.50729335, 0.50133333,
       0.6679803 , 0.49619903, 0.68603561, 0.65608466, 0.59514361])]",3,0.5700844399335899
8,"[array([0.68320611, 0.43206997, 0.5730071 , 0.45994065, 0.51708428,
       0.71335927, 0.47347741, 0.70808081, 0.6896861 , 0.57615268]), array([0.69313113, 0.4680253 , 0.53304348, 0.56521739, 0.50955414,
       0.65079365, 0.46259437, 0.66015625, 0.62834918, 0.57048375]), array([0.65339967, 0.54984663, 0.57920792, 0.54784514, 0.55687438,
       0.75590551, 0.44700793, 0.70107527, 0.64420063, 0.60043462]), array([0.68020305, 0.60503472, 0.55733761, 0.51761323, 0.42913386,
       0.71581769, 0.48658718, 0.56410256, 0.6167057 , 0.58097128]), array([0.68020305, 0.53577236, 0.60782609, 0.50729335, 0.50133333,
       0.6679803 , 0.49619903, 0.68603561, 0.65608466, 0.59514361])]",4,0.5195819538799903
8,"[array([0.68320611, 0.43206997, 0.5730071 , 0.45994065, 0.51708428,
       0.71335927, 0.47347741, 0.70808081, 0.6896861 , 0.57615268]), array([0.69313113, 0.4680253 , 0.53304348, 0.56521739, 0.50955414,
       0.65079365, 0.46259437, 0.66015625, 0.62834918, 0.57048375]), array([0.65339967, 0.54984663, 0.57920792, 0.54784514, 0.55687438,
       0.75590551, 0.44700793, 0.70107527, 0.64420063, 0.60043462]), array([0.68020305, 0.60503472, 0.55733761, 0.51761323, 0.42913386,
       0.71581769, 0.48658718, 0.56410256, 0.6167057 , 0.58097128]), array([0.68020305, 0.53577236, 0.60782609, 0.50729335, 0.50133333,
       0.6679803 , 0.49619903, 0.68603561, 0.65608466, 0.59514361])]",5,0.5027959991977545
8,"[array([0.68320611, 0.43206997, 0.5730071 , 0.45994065, 0.51708428,
       0.71335927, 0.47347741, 0.70808081, 0.6896861 , 0.57615268]), array([0.69313113, 0.4680253 , 0.53304348, 0.56521739, 0.50955414,
       0.65079365, 0.46259437, 0.66015625, 0.62834918, 0.57048375]), array([0.65339967, 0.54984663, 0.57920792, 0.54784514, 0.55687438,
       0.75590551, 0.44700793, 0.70107527, 0.64420063, 0.60043462]), array([0.68020305, 0.60503472, 0.55733761, 0.51761323, 0.42913386,
       0.71581769, 0.48658718, 0.56410256, 0.6167057 , 0.58097128]), array([0.68020305, 0.53577236, 0.60782609, 0.50729335, 0.50133333,
       0.6679803 , 0.49619903, 0.68603561, 0.65608466, 0.59514361])]",6,0.7007712852423416
8,"[array([0.68320611, 0.43206997, 0.5730071 , 0.45994065, 0.51708428,
       0.71335927, 0.47347741, 0.70808081, 0.6896861 , 0.57615268]), array([0.69313113, 0.4680253 , 0.53304348, 0.56521739, 0.50955414,
       0.65079365, 0.46259437, 0.66015625, 0.62834918, 0.57048375]), array([0.65339967, 0.54984663, 0.57920792, 0.54784514, 0.55687438,
       0.75590551, 0.44700793, 0.70107527, 0.64420063, 0.60043462]), array([0.68020305, 0.60503472, 0.55733761, 0.51761323, 0.42913386,
       0.71581769, 0.48658718, 0.56410256, 0.6167057 , 0.58097128]), array([0.68020305, 0.53577236, 0.60782609, 0.50729335, 0.50133333,
       0.6679803 , 0.49619903, 0.68603561, 0.65608466, 0.59514361])]",7,0.47317318505047545
8,"[array([0.68320611, 0.43206997, 0.5730071 , 0.45994065, 0.51708428,
       0.71335927, 0.47347741, 0.70808081, 0.6896861 , 0.57615268]), array([0.69313113, 0.4680253 , 0.53304348, 0.56521739, 0.50955414,
       0.65079365, 0.46259437, 0.66015625, 0.62834918, 0.57048375]), array([0.65339967, 0.54984663, 0.57920792, 0.54784514, 0.55687438,
       0.75590551, 0.44700793, 0.70107527, 0.64420063, 0.60043462]), array([0.68020305, 0.60503472, 0.55733761, 0.51761323, 0.42913386,
       0.71581769, 0.48658718, 0.56410256, 0.6167057 , 0.58097128]), array([0.68020305, 0.53577236, 0.60782609, 0.50729335, 0.50133333,
       0.6679803 , 0.49619903, 0.68603561, 0.65608466, 0.59514361])]",8,0.6638901009742484
8,"[array([0.68320611, 0.43206997, 0.5730071 , 0.45994065, 0.51708428,
       0.71335927, 0.47347741, 0.70808081, 0.6896861 , 0.57615268]), array([0.69313113, 0.4680253 , 0.53304348, 0.56521739, 0.50955414,
       0.65079365, 0.46259437, 0.66015625, 0.62834918, 0.57048375]), array([0.65339967, 0.54984663, 0.57920792, 0.54784514, 0.55687438,
       0.75590551, 0.44700793, 0.70107527, 0.64420063, 0.60043462]), array([0.68020305, 0.60503472, 0.55733761, 0.51761323, 0.42913386,
       0.71581769, 0.48658718, 0.56410256, 0.6167057 , 0.58097128]), array([0.68020305, 0.53577236, 0.60782609, 0.50729335, 0.50133333,
       0.6679803 , 0.49619903, 0.68603561, 0.65608466, 0.59514361])]",9,0.6470052518565002
8,"[array([0.68320611, 0.43206997, 0.5730071 , 0.45994065, 0.51708428,
       0.71335927, 0.47347741, 0.70808081, 0.6896861 , 0.57615268]), array([0.69313113, 0.4680253 , 0.53304348, 0.56521739, 0.50955414,
       0.65079365, 0.46259437, 0.66015625, 0.62834918, 0.57048375]), array([0.65339967, 0.54984663, 0.57920792, 0.54784514, 0.55687438,
       0.75590551, 0.44700793, 0.70107527, 0.64420063, 0.60043462]), array([0.68020305, 0.60503472, 0.55733761, 0.51761323, 0.42913386,
       0.71581769, 0.48658718, 0.56410256, 0.6167057 , 0.58097128]), array([0.68020305, 0.53577236, 0.60782609, 0.50729335, 0.50133333,
       0.6679803 , 0.49619903, 0.68603561, 0.65608466, 0.59514361])]",10,0.5846371882086168
